﻿Designator,Footprint,Quantity,Value,LCSC Part #
C1,0805,1,100uF,
"C2, C3, C4, C6",0603,4,100nF,
C5,0603,1,47nF,
D1,0805,1,LED,
J1,USB_C_Receptacle_HCTL_HC-TYPE-C-16P-01A,1,USB_C_Receptacle_PowerOnly_24P,
"J2, J3",PinSocket_1x04_P2.54mm_Vertical,2,Conn_01x04,
"J4, J5",PinSocket_1x01_P2.54mm_Vertical,2,Conn_01x01_Pin,
"J6, J7",PHOENIX_1990009,2,1990009,
"J8, J9",PinHeader_1x01_P2.54mm_Vertical,2,Conn_01x01_Pin,
R1,2512,1,0.1,
R10,1206,1,1,
"R11, R14, R8, R9",0805,4,4.7k,
R12,0805,1,2.2k,
"R13, R15",0805,2,20k,
"R16, R3, R4",0805,3,10k,
"R2, R5",0805,2,100k,
"R6, R7",0805,2,5.1k,
U1,TSSOP-8_4.4x3mm_P0.65mm,1,ATtiny45V-10X,
U3,SOIC-8_3.9x4.9mm_P1.27mm,1,TLV9062xD,
